title,published_at,duration,view_count,like_count,comment_count
Let's see if you dare next time #Shorts #017,2023-04-25T02:40:11Z,PT18S,246200629,1572774.0,942.0
[6Î≤à] ÏãùÎãπ ÏóÖÏÜåÏö© ÏùåÏãùÌè¨Ïû• ÎπÑÎãêÎû© Ï†àÎã®Í∏∞,2023-05-11T07:08:02Z,PT15S,160984366,1472323.0,678.0
Khaby Lame react epic moments #shorts #kabhylame,2023-05-12T09:35:22Z,PT19S,96455747,2312319.0,2203.0
Polina Knoroz's Cute Moment in Sports #shorts,2023-06-11T13:30:04Z,PT35S,91902366,1397067.0,930.0
Salute to indian armyüáÆüá≥‚ù§Ô∏èüíØ #army #trending #viral #respect #ytshorts #anurag #shorts #short #indian,2023-05-05T14:00:16Z,PT30S,85157682,1973374.0,0.0
#ÿ∑ŸÅŸÑ ŸÅŸÇŸäÿ± Ÿäÿ±ŸäÿØ ÿßŸÜ Ÿäÿ¥ÿ™ÿ±Ÿä ÿßŸÑŸÖŸàÿ≤ ŸÖŸÜ ÿßŸÑÿ®ÿßÿ¶ÿπ ŸàŸÑŸÉŸÜ ŸÑŸÖ ŸäŸÉŸàŸÜ ÿßŸÑŸÖÿßŸÑ ŸäŸÉŸÅŸä ŸàŸäÿ∑ÿ±ÿØŸá,2023-04-09T05:00:27Z,PT52S,72179884,1657224.0,6456.0
Khaby Lame react epic moments #shorts #kabhylame,2023-02-16T12:16:24Z,PT24S,68627526,1720630.0,907.0
Happiness ‚ù§Ô∏è | Wild Cookbook,2023-03-18T06:45:38Z,PT58S,61273357,2385050.0,6365.0
MOST SATISFYIGN world RECORD,2023-05-17T22:00:33Z,PT26S,56268598,2764756.0,9656.0
Cute baby enjoying in slide üõù #viral #shorts #youtubeshorts #aarorakhadka,2023-06-08T11:02:40Z,PT12S,55649728,907209.0,0.0
Masala Cheese Kottu üòã #shorts #asmr #asmrcooking #kottu #masala #chicken #easyrecipe #indianfood,2023-05-07T13:56:00Z,PT56S,52893322,1522472.0,3364.0
LED chaser Circuit |  Electronics Projects | LED circuits,2023-05-14T11:30:02Z,PT59S,51253022,817245.0,2238.0
Amazing Masala Guava | traditional food home,2023-01-06T13:53:07Z,PT44S,45966884,1814779.0,2909.0
Best Summer Coco Drink | Energy Booster | Wild Cookbook,2023-03-02T06:33:33Z,PT50S,40525860,1392069.0,907.0
tak boleh| upin ipin pelit#shorts,2023-03-12T00:40:16Z,PT15S,39867680,569581.0,
"–ü–û–ß–ï–ú–£ –ß–ê–ü–ò –í –®–û–ö–û–õ–ê–î–ï, –ê –Ø –ù–ï–¢?üê∂üòÅ",2023-05-02T15:15:02Z,PT1M,34799682,1067428.0,436.0
OMG what he did üò± #funny #funnyvideos #family #comedy #prank,2023-03-05T10:00:04Z,PT11S,34526806,350870.0,470.0
Frootloop Challenge - #magic #magician #challenge #prank,2023-03-04T23:25:36Z,PT21S,30899579,312724.0,192.0
‡∑Ä‡∑ê‡∂ª‡∂Ø‡∑î‡∂±‡∑î  transition ‡∂ë‡∂ö ü§£#trending#1million #viral#shortvideo#srilanka #comedy #funny #trend#shorts,2023-01-07T07:39:03Z,PT11S,29562656,277244.0,
Talking Tom ü•®üçüüçïü•¨ü´õü´ëü´íü´êüçáüçäü•≠üçç,2023-03-25T02:26:38Z,PT8S,28156473,1299213.0,699.0
Prima di uscire ü§£ da Severo Collegio di Danza #collegiodidanza #amelitvit #shorts,2023-04-22T09:00:30Z,PT1M,27497855,549093.0,615.0
Puzzle slow ‚ù§üíØ #shorts #satisfying,2023-05-16T02:32:40Z,PT16S,26635375,,842.0
My students are the best ü•≤üíÄ,2023-01-21T00:38:53Z,PT14S,22804287,1269100.0,2174.0
Farming Equipment ###‚ùó‚ùó‚ùó,2023-01-04T14:40:31Z,PT15S,22627839,145583.0,311.0
Purina One Bifensis: G√∂zle G√∂r√ºl√ºr Saƒülƒ±k,2023-05-26T13:39:48Z,PT15S,21881806,612.0,13.0
DILU Beats - Numba Ha (Suraganak Wilasa) - Official Lyrics Video,2023-02-05T12:30:07Z,PT2M44S,17973032,114304.0,6422.0
Leg-endary chicken cravings? KFC got you covered!,2023-05-05T10:48:54Z,PT10S,16797612,63.0,4.0
‡§ï‡•É‡§∂‡§ø‡§µ ‡§ï‡•Ä ‡§ö‡§æ‡§Ø ‡§¨‡§® ‡§∞‡§π‡•Ä ‡§π‡•à,2023-06-11T05:38:12Z,PT16S,18732313,245078.0,0.0
toy car towed by crane #shorts,2023-02-17T09:17:03Z,PT40S,15084784,837257.0,1105.0
Imagine staying in a place like this! #maldives,2023-05-18T12:45:50Z,PT16S,15068560,136142.0,195.0
Bombe Motai - Gajaman 3D -  Anushka Udana ft. Sunil Perera - Wasthi Productions,2023-01-13T14:11:44Z,PT4M28S,15078734,217840.0,5357.0
Global Fever-Tree TV Ad - US 15 secs,2023-04-04T14:11:24Z,PT16S,15062853,2.0,0.0
#shorts When u have Amazing kids at home ! #roohafzasharbat #swadshaala #viral #shortfeed #drinks,2023-03-29T13:31:04Z,PT1M,13109456,258315.0,0.0
shorts üôÇüòàü•∂ü§êüò±üòé#freefirevideo #ffviral #ffshorts #garenafreefire #hackudo #hacker ‚Äé#shorts #short,2023-06-15T01:53:58Z,PT43S,12882396,817630.0,28560.0
| PM Modi Kerala visit | Kerala Kochi Modi Roadshow | spg commando |,2023-04-27T05:30:00Z,PT58S,12379650,310384.0,958.0
Juicy mangoesü•≠ever!As a filler with coconut for steamed woven cake & mango prawn devilled|Poorna-The,2023-03-09T13:03:33Z,PT20M3S,12209720,70489.0,3383.0
Marvel Will Not be the Same üò¢ #Marvel #Shorts,2023-06-19T09:52:56Z,PT28S,11415581,606543.0,9358.0
Bhai behan ka Pyaar ü•∞#shorts,2023-01-16T13:20:12Z,PT1M,11429194,251219.0,
First Time of Making Fufu | Wild Cookbook,2023-03-04T06:30:20Z,PT55S,10599518,574115.0,1767.0
S-26 PROCAL Ultima MULTICARE SYSTEM - Together We Are Unstoppable,2023-03-14T07:45:06Z,PT16S,10421141,1.0,
Dumbara Manika (‡∂Ø‡∑î‡∂∏‡∑ä‡∂∂‡∂ª ‡∂∏‡∑ê‡∂´‡∑í‡∂ö‡∑è) - Dilshan Maduranga (Official Music Video),2023-03-31T11:00:16Z,PT3M42S,10070786,115708.0,5115.0
‡§¨‡§ö‡•ç‡§ö‡•Ä ‡§®‡•á ‡§ó‡§∞‡•Ä‡§¨ ‡§ï‡•ã ‡§¶‡§ø‡§≤‡§æ‡§Ø‡§æ ‡§ñ‡§ø‡§≤‡•å‡§®‡§æ,2023-01-11T13:34:00Z,PT35S,10034873,181065.0,0.0
How to make a 8 Channel Transmitter | 8 Channel Simple RF Remote Control For RC | Part 01 #jlcpcb,2023-06-13T11:30:14Z,PT1M,9577832,298671.0,492.0
Acer Aspire Vero | The Little Things | Small eco-footprint. Big impact.,2023-04-19T15:23:57Z,PT31S,9550801,2.0,
"Trending Fruit All Country May 19,2023 Part_36 #shorts",2023-05-19T12:04:02Z,PT43S,9387025,293361.0,382.0
‡§¨‡•á‡§ú‡•Å‡§¨‡§æ ‡§ï‡•Ä ‡§ï‡•ç‡§Ø‡§æ ‡§ó‡§≤‡§§‡•Ä | #shorts #emotional #kahani #shortfilm #concept #inspiration #princessgirlpalak,2023-01-09T10:44:28Z,PT45S,9715596,,0.0
what muscle is he working on?,2023-05-16T11:00:23Z,PT13S,8579911,135207.0,439.0
‡∑Ñ‡∂ª‡∑í ‡∂Ö‡∂¥‡∑ñ‡∂ª‡∑î ‡∑Ä‡∑Ö‡∂Ç ‡∑Ä‡∑Ö‡∂Ç | POT SELLER IN THE JUNGLE,2023-04-10T00:30:30Z,PT10M56S,8578730,36685.0,0.0
‡∂ö‡∑ú‡∂∏‡∑Ö‡∑í | Komali - Jaanu Teledrama Theme Song | ITN,2023-02-17T11:30:11Z,PT3M11S,8358892,54222.0,1317.0
Short Circuit Protection Circuit | HOW TO MAKE A SHORT CIRCUIT PROTECTION CIRCUIT,2023-05-17T11:30:08Z,PT51S,8254902,243832.0,617.0
Baby Jackfruit (Polos) Patties | Wild Cookbook,2023-02-21T14:15:23Z,PT1M,6236748,311156.0,642.0
Swimming Song #viral #popular #kidsmusic #trending #babysongs #cartoon #littletreehouse,2023-05-01T06:30:16Z,PT44S,6198606,122864.0,0.0
How to draw rose flower very easy #shorts,2023-02-11T13:30:06Z,PT31S,5863446,204722.0,565.0
–õ–ò–ó–ê –£–°–õ–´–®–ê–õ–ê –ó–ù–ê–ö–û–ú–´–ô –ó–í–£–ö?‚ù§‚≠êüòÅ,2023-06-07T14:00:41Z,PT32S,5721294,98582.0,0.0
Na Na Na Na - Official Video Song | A Vivek Mervin Original | Vivek Siva | Mervin Solomon,2023-06-14T13:30:14Z,PT3M56S,5624879,77556.0,1472.0
leaf painting ideaüåøüòç /#viral #art #viralvideo #shorts,2023-05-06T08:30:10Z,PT38S,5386895,141468.0,273.0
Guacamole ü•ë,2023-06-18T07:29:44Z,PT32S,5304832,196569.0,496.0
Tom&Jerryüòòsayoo&anvi| sangeethkumar #shorts,2023-01-23T04:30:14Z,PT43S,5168018,287253.0,325.0
‡∂∂‡∑ù‡∂∏‡∑ä‡∂∂‡∂∫ | The Bomb | Vini Productions - ‡∑Ä‡∑í‡∂±‡∑ì,2023-03-09T12:27:25Z,PT25M56S,5152155,180031.0,9414.0
Fsboling-Professional woodworking machinery,2023-02-08T02:00:17Z,PT10S,5053466,18133.0,133.0
Chanuka Mora - Kanda Gena (‡∂ö‡∑ê‡∂±‡∑ä‡∂Ø‡∑è ‡∂ú‡∑ô‡∂±‡∑è) ft. Shavindya (Official Music Video) CHAPTER 02,2023-03-27T13:00:11Z,PT3M52S,5059220,65357.0,2465.0
Avocado Shake | Wild Cookbook,2023-06-04T06:30:14Z,PT38S,4972032,258429.0,539.0
New Hindi Mashup Songs | It's Feel Goes With Your Mood | Feel The Beat Playlists,2023-05-28T18:30:08Z,PT1H6M34S,4901725,36783.0,893.0
Sour Bilimbi Pickle | Wild Cookbook,2023-05-07T08:40:17Z,PT53S,4854183,188985.0,891.0
Winter Melon Candy | ‡∂¥‡∑î‡∑Ñ‡∑î‡∂Ω‡∑ä ‡∂Ø‡∑ù‡∑É‡∑í| Wild Cookbook,2023-03-06T07:08:58Z,PT58S,4825849,259111.0,807.0
üò≥üò≥üò≥ü•∫‚òπÔ∏è,2023-05-06T16:24:45Z,PT18S,4821181,127942.0,658.0
A beautiful moment in life #571 - #shorts,2023-01-21T09:20:00Z,PT36S,4902974,69808.0,664.0
MADUWA - Sinhala Wedakam (Meuwa Beheth 2) - Official Music Video,2023-03-25T16:19:07Z,PT3M26S,4751455,63568.0,3439.0
Jackfruit Seed & Coconut Sweet Balls | Wild Cookbook,2023-04-07T06:42:54Z,PT59S,4743750,226907.0,741.0
Created for Œ± - Lensa Sony Alpha | Menghadirkan Potensi Terbaik Anda,2023-04-27T03:41:15Z,PT1M7S,4710648,9.0,1.0
Watch Till End_‡Æá‡Æ±‡ØÅ‡Æ§‡Æø‡Æµ‡Æ∞‡Øà ‡Æ™‡Ææ‡Æ∞‡ØÅ‡Æô‡Øç‡Æï | InFact Tamil #shorts #shortsfeed,2023-05-03T15:16:00Z,PT52S,4577247,255703.0,153.0
Our aim should be towards the rest of the World-Yashüî•üíØ,2023-04-26T14:30:01Z,PT45S,4538439,215839.0,632.0
‡∑Ñ‡∑í‡∂†‡∑ä‡∂†‡∑í ‡∂ã‡∂¥‡∑è‡∂Ω‡∑í | Hichchi Upali | Vini Productions - ‡∑Ä‡∑í‡∂±‡∑ì,2023-03-26T17:08:53Z,PT23M56S,4446212,153512.0,8208.0
Who Remember This ü§£üòÇ #cricket #shorts,2023-04-15T12:30:08Z,PT13S,4321396,111930.0,578.0
Dumbara Manika (Remix) - Dilshan Maduranga (EvO Beats) | @MrPravish | Sinhala Remix Songs,2023-04-05T11:00:17Z,PT2M46S,4305198,28373.0,806.0
‡∂±‡∑ô‡∑É‡∑ä‡∂ß‡∑ú‡∂∏‡∑ù‡∂Ω‡∑ä‡∂ß‡∑ä ‡∂¥‡∑ù‡∑Ç‡∂´‡∂∫‡∂∫‡∑í ‡∑Å‡∂ö‡∑ä‡∂≠‡∑í‡∂∫‡∂∫‡∑í ‡∂î‡∂∂‡∑Ä ‡∂∂‡∂Ω‡∂ú‡∂±‡∑ä‡∑Ä‡∂±‡∑ä‡∂± 100% ‡∑É‡∑ñ‡∂Ø‡∑è‡∂±‡∂∏‡∑ä.,2023-05-25T04:43:32Z,PT16S,4134457,6.0,0.0
VKTRY Shoe Flip - Field Goal Attempt,2023-05-09T03:24:17Z,PT15S,3973693,121916.0,2168.0
mongoose vs Big snake fight,2023-06-15T05:41:37Z,PT30S,4131421,116071.0,376.0
Red lady Papayas! Yellow ones for sweets & desserts & Green ones for preservation! | Traditional Me,2023-02-17T13:16:56Z,PT23M3S,3928994,27755.0,906.0
Bhai mujhe bhi cycle chalan hai  üò©‚ù§Ô∏è #shorts #viral,2023-05-15T13:30:16Z,PT28S,4027265,68831.0,0.0
otilia - jaanu jaanu | Dee pete remix || #arabic #yearofyou #viral #trending #youtubeshorts #shorts,2023-05-24T15:27:00Z,PT4S,3745271,,940.0
Marvel vs Ben 10 #shorts #marvel #ben10,2023-01-24T04:35:55Z,PT39S,3660547,254106.0,2500.0
Siblings FunüòÇPart-17ü§£Wait For TWISTüòÇ #shorts #youtubeshorts #trending #comedy #siblings #pain #end,2023-01-24T13:22:45Z,PT47S,3582987,339259.0,507.0
‡∂á‡∂∫‡∑í ‡∂∏‡∑ö‡∂∏ ‡∂ö‡∂ª‡∂±‡∑ä‡∂±‡∑ö #slmemereview | #srilankanathalmeme | #girldance | #trending | #dance #weddingdance,2023-03-24T03:35:39Z,PT16S,3528989,71858.0,841.0
"Best Drink For A Warm, Sunny Day ‚òÄÔ∏è",2023-01-28T15:07:14Z,PT36S,3500304,155580.0,235.0
‡∂ª‡∑ê‡∂¢‡∑í‡∂±‡∂ß ‡∂á‡∂±‡∑ä‡∂Ø‡∑è / Rajinata Anda Official Music Video,2023-01-22T02:30:18Z,PT5M6S,3445377,68635.0,5883.0
ŸÖÿßŸÑŸÉ Ÿäÿß ÿµÿßÿ≠ÿ®Ÿä ÿßÿ≠ŸÉŸäŸÑŸä üò≠üò≠,2023-05-18T16:18:15Z,PT13S,3473637,56974.0,0.0
So simple to make! üçàüçà Guava bites | Traditional Me,2023-05-07T10:36:34Z,PT52S,3376590,135578.0,312.0
Best Chicken Lollipops Ever | Wild Cookbook,2023-04-24T02:41:04Z,PT49S,3302781,229031.0,317.0
Amazing satisfying clips of street food p10 #shorts #satisfyingvideos #oddlysatisfying,2023-03-13T04:45:07Z,PT13S,3285450,33431.0,12.0
2 ways to wear ü¶ã You don‚Äôt have to be a tailor to make this dress | Sewing butterfly dress,2023-04-04T13:00:05Z,PT14M14S,3118767,30951.0,348.0
Tose Nainaa Milaai Ke | 10 December 2023 | Full Episode 91 | Dangal TV,2023-12-10T16:00:20Z,PT22M9S,3114372,42448.0,732.0
Well ripened Pink Jackfruit !üçà Put this magical fruit into kasari & made a young coconut drink too.,2023-04-05T13:21:04Z,PT21M32S,3041956,38465.0,2578.0
Kannana Kanne - Special Promo | 04 Mar 2023 | Sun TV Serial | Tamil Serial,2023-03-03T14:00:35Z,PT39S,3009803,34105.0,795.0
UNKNOWN GENETIC FREAK - NO STEROIDS NO GYM - MR. WAD MOTIVATION,2023-05-01T13:30:00Z,PT8M16S,3017465,54500.0,4863.0
Black Mango Curry | Wild Cookbook,2023-03-23T06:48:41Z,PT1M,2976115,183268.0,531.0
Imlie | ‡§á‡§Æ‡§≤‡•Ä | Imlie ne kiya Aryan pe hamla !,2023-03-14T14:35:29Z,PT9M46S,2971610,22040.0,102.0
creditos:elmaxz_ creditos:lips_asmr_w #short #asmr #caramelo #elmaxz,2023-05-26T22:51:12Z,PT1M1S,2967063,269150.0,178.0
Mal Mal Hina (‡∂∏‡∂Ω‡∑ä ‡∂∏‡∂Ω‡∑ä ‡∑Ñ‡∑í‡∂±‡∑è) | Group Song | Dream Star Season 11 | TV Derana,2023-04-29T20:12:57Z,PT3M7S,2829479,23202.0,1139.0
Thol Peththa Rosa Pata - Sujan Fernando (Official Music Video),2023-01-10T11:30:07Z,PT3M43S,2689434,34542.0,967.0
Drawing is easy ü´∂üèª,2023-06-14T16:41:16Z,PT21S,4543122,74609.0,492.0
Indian army ke liye ek like üëç #army #armylover #armylife #trending #shorts #viral,2023-01-07T06:43:09Z,PT1M,4681268,339221.0,572.0
Weight Loss Workout easily at home #weightloss #viral #yoga #calmdown,2023-02-25T11:55:14Z,PT5S,4151404,99143.0,63.0
Science Myths | #shorts #mrspark27,2023-06-08T13:24:52Z,PT32S,3964041,102904.0,50.0
‡∂¥‡∑ú‡∂©‡∑í ‡∂ö‡∂∏‡∂ß ‡∂±‡∑ô‡∑Ä‡∑ô‡∂∫‡∑í ‡∂∏‡∑ô‡∂∫‡∑è‡∂ú‡∑ô ‡∂Ø‡∑è‡∂Ç‡∂ú‡∂Ω‡∑ö üòÇüôä,2023-05-10T11:44:35Z,PT59S,2971592,94112.0,
#edits #tiktok,2023-01-13T15:43:41Z,PT46S,2874732,205156.0,1646.0
Catriona gray üëë Miss universe 2018 üòç Swimsuit ‚ùÄ #missuniverse2018 #catrionagray,2023-02-19T03:28:39Z,PT32S,2683122,93435.0,495.0
‡∂Ø‡∑ê‡∂ö‡∑ä‡∂ö ‡∂Ω‡∑É‡∑ä‡∑É‡∂±‡∂∏ Twins üëØ‚Äç‚ôÄÔ∏è‡∂Ø‡∑ô‡∂±‡∑ä‡∂± üëå‡∂Ø‡∑î‡∂Ω‡∂ö‡∑ä‡∑Ç‡∑í & ‡∂Ö‡∂∫‡∑ö‡∑Ç‡∑í üíûDulakshi  & Ayeshi üíñTwins,2023-05-29T13:46:45Z,PT19S,2624363,87018.0,935.0
kabeh dilakoni pokok halal guys. proses carbon celup #otomotif #shortsvideo #tutorial #tips #mekanik,2023-05-19T06:08:39Z,PT59S,2737369,78183.0,184.0
Best Dumplings Ever ü•ü| Wild Cookbook,2023-05-09T07:00:09Z,PT59S,2463962,179437.0,537.0
Kayal - Promo | 24 Mar 2023 | Sun TV Serial | Tamil Serial,2023-03-23T16:03:33Z,PT30S,2433421,24583.0,277.0
Seared pork cheese bread . üêñü•™ #shorts  #food,2023-01-23T03:38:24Z,PT39S,2382451,103029.0,798.0
Idhu Ethirpaarkkatha Twist | Sundari - Best Scenes | Sun TV | Tamil Serial,2023-05-25T12:35:11Z,PT4M42S,2341883,20544.0,368.0
Java apples! as a jammy filler for my Custard cloud Pudding & made Pink Cordial too | Traditional Me,2023-05-19T13:23:32Z,PT27M31S,2208405,21249.0,777.0
Bayi Panda Kiki Rajin Menggosok Gigi setiap hari | kartun anak | bahasa Indonesia| babybus #shorts,2023-06-11T05:36:51Z,PT1M1S,2217153,51115.0,0.0
DD News 24x7 | Breaking News & Latest Updates | Live Updates | News in Hindi,2023-09-26T00:42:49Z,P0D,2073512,6667.0,
My Lemon lime... Fish bake! üòÉ | Traditional Me,2023-03-04T05:04:11Z,PT1M,2056446,99153.0,177.0
Doctor Reacts To Anatomy Lessons & First Ever Surgery!,2023-02-28T18:23:50Z,PT48S,2028783,134909.0,1050.0
Create moments that matter with NESCAF√â Gold!,2023-03-30T16:52:02Z,PT30S,2039210,24.0,1.0
Baa Baa Black Sheep! | CoComelon Animal Time | Animal Nursery Rhymes,2023-01-15T11:30:21Z,PT31M11S,2033004,11444.0,0.0
DJ JNK X @Moniyo_  - Ratha Gaaya (‡∂ª‡∂Æ‡∂ú‡∑è‡∂∫) - Official Music Video,2023-03-11T11:30:11Z,PT4M43S,1991913,56870.0,3153.0
Floury pumpkinsüéÉ!!Entire family enjoy every toothsome pumpkin dishes|Poorna-The nature girl|,2023-02-09T13:34:13Z,PT20M17S,1838574,29928.0,2096.0
Imlie | ‡§á‡§Æ‡§≤‡•Ä | Imlie ne sunaai Aryan ko lori!,2023-04-11T03:00:01Z,PT9M15S,1691382,13961.0,113.0
Rosa Batiththi (Remix) - Mangala Denex  @EVOBEATSLK  | @MrPravish | Sinhala New Songs,2023-03-12T11:15:10Z,PT2M56S,1654813,14725.0,312.0
@LakaiSikai  - Lakaa Ko ü§®üò≥‚ÅâÔ∏è| ‡∂Ω‡∂ö‡∂∫‡∑í ‡∑É‡∑í‡∂ö‡∂∫‡∑í - ‡∂Ω‡∂ö‡∑è ‡∂ö‡∑ù | Monthly Special Comedyüòç,2023-02-01T07:01:31Z,PT28M18S,1643421,47384.0,1381.0
Aaley Wandanawak - ‡∂Ü‡∂Ω‡∑ö ‡∑Ä‡∂±‡∑ä‡∂Ø‡∂±‡∑è‡∑Ä‡∂ö‡∑ä Galana Gangawo | Dilki Uresha-Nadun Gimhana | Official Music Video,2023-01-27T12:30:08Z,PT3M51S,1645206,29038.0,1415.0
Imlie | ‡§á‡§Æ‡§≤‡•Ä | Aryan ne Imlie ko chopsticks use karna sikhaya!,2023-03-06T15:45:00Z,PT11M4S,1620783,14323.0,93.0
‡∂∞‡∂ª‡∑ä‡∂∏ ‡∂∫‡∑î‡∂Ø‡∑ä‡∂∞‡∂∫ 2 üò± | ‡∂Ø‡∑ä‚Äç‡∂ª‡∑í‡∑Å‡∑ä‚Äç‡∂∫‡∂∏‡∑ä 2 2023 Movie Explained in Sinhala | Inside Cinemax Sinhala Review,2023-01-01T12:42:15Z,PT46M12S,1593645,31857.0,1589.0
"Wood-oven ""Baked Rice"", wrapped in banana leaf was my top-secret recipe until today!| Traditional Me",2023-03-07T13:19:07Z,PT22M26S,1548398,23784.0,851.0
Imlie | ‡§á‡§Æ‡§≤‡•Ä | Shaadi ke Mauke par Sab khel rahe hai Bollywood Game part 2,2023-03-11T16:40:00Z,PT8M35S,1145261,10089.0,92.0
Imlie | ‡§á‡§Æ‡§≤‡•Ä | Kya Imlie aur Aryan ek hi kamre mein rahenge?,2023-04-05T05:40:00Z,PT8M45S,1144760,9682.0,86.0
Imlie | ‡§á‡§Æ‡§≤‡•Ä | Imlie aur Aryan ne kaha ek doosre ko sorry!,2023-05-31T08:30:17Z,PT12M20S,1143577,9694.0,129.0
‡∂ö‡∑ú‡∑Ñ‡∑ú‡∂∏‡∂Ø ‡∂í ‡∂ª‡∂ü‡∂± ‡∂ª‡∑ê‡∂ü‡∑î‡∂∏‡∑ä üòç‚ù§ #shorts,2023-03-06T07:30:49Z,PT1M,1137580,15720.0,236.0
Imlie | ‡§á‡§Æ‡§≤‡•Ä | Imlie ke liye Aryan ne phad diya apna shirt!,2023-03-18T12:40:00Z,PT10M31S,1135849,9102.0,139.0
Whole spicy FISH BAKE with lemon & lime! Blue olives made it more tasty & beautiful!| Traditional Me,2023-01-11T13:08:15Z,PT25M25S,1048840,22014.0,867.0
Non-contact AC voltage Detector | Electronics #jlcpcb,2023-05-06T11:30:01Z,PT1M,1043199,44254.0,120.0
Purple Cabbages added more colour to already colourful dishes! Bro made pickles too | Traditional Me,2023-03-22T14:02:04Z,PT29M47S,1045022,16570.0,566.0
Imlie | ‡§á‡§Æ‡§≤‡•Ä | Kya Aryan khayega Imlie ke hath ka bana hua khana?,2023-03-20T13:18:40Z,PT10M15S,1010170,9648.0,100.0
Imlie | ‡§á‡§Æ‡§≤‡•Ä | Aryan ne bachaai Imlie ki jaan!,2023-03-26T03:50:00Z,PT7M52S,1009729,9087.0,136.0
Poornima Lakshani | Mal Mal Sariya (‡∂∏‡∂Ω‡∑ä ‡∂∏‡∂Ω‡∑ä ‡∑É‡∑è‡∂ª‡∑í‡∂∫) | Knockouts - Ranking Chairs | The Voice SL,2023-02-12T16:15:23Z,PT12M32S,1003127,23056.0,931.0
Imlie | ‡§á‡§Æ‡§≤‡•Ä | Imlie aur Aryan bane dance partner !,2023-03-14T12:40:19Z,PT8M34S,1005034,9212.0,92.0
Imlie | ‡§á‡§Æ‡§≤‡•Ä | Imlie par aayi musibat !,2023-03-09T16:01:14Z,PT8M45S,998668,7046.0,38.0
Imlie | ‡§á‡§Æ‡§≤‡•Ä | Imlie ko mila apna bada sa kamara !,2023-03-07T09:50:00Z,PT11M19S,984082,9228.0,67.0
Kodi Gaha Yata | Episode 03 - (2023-03-11) | ITN,2023-03-11T15:02:49Z,PT20M9S,966871,16181.0,363.0
Imlie | ‡§á‡§Æ‡§≤‡•Ä | Kyun ki Imlie ne Aryan se shaadi?,2023-04-04T13:10:00Z,PT10M4S,963537,9437.0,102.0
Vaseline Healthy Bright Sun Pollution Body Lotion,2023-03-17T11:27:18Z,PT21S,992634,10.0,1.0
Imlie | ‡§á‡§Æ‡§≤‡•Ä | Aryan ne uthaaya Imlie ko apni baahon mein!,2023-03-03T08:46:55Z,PT10M,930129,7753.0,71.0
Imlie | ‡§á‡§Æ‡§≤‡•Ä | Holi ke nashe mein ki Imlie-Aryan ne khoob masti!,2023-04-07T05:30:11Z,PT11M14S,932974,8555.0,65.0
Imlie | ‡§á‡§Æ‡§≤‡•Ä | Kya Aryan karega Imlie ki help?,2023-03-22T13:30:06Z,PT11M25S,931108,9796.0,95.0
Imlie | ‡§á‡§Æ‡§≤‡•Ä | Kiska bhoot dekh liya Imlie ne?,2023-03-22T11:50:00Z,PT9M49S,930607,8006.0,70.0
üçàüçà Mmm... Guava Curry! üòã üòã spicyyyyy... | Traditional Me,2023-05-02T12:15:02Z,PT1M,920249,39256.0,105.0
Paththini kathawa‚Äç‚Äç‚Äç‚Äå|3D animated short film (‡∂¥‡∂≠‡∑ä‡∂≠‡∑í‡∂±‡∑í)|Fairy World|Sri lanka|Sinhala 3D,2023-01-28T02:14:04Z,PT20M18S,921881,13331.0,1190.0
Praana (‡∂¥‡∑ä‚Äç‡∂ª‡∑è‡∂´) | Tele Movie | Sirasa TV,2023-06-10T16:30:04Z,PT2H1M20S,906956,10034.0,378.0
Imlie | ‡§á‡§Æ‡§≤‡•Ä | Kya Imlie kabhi maa nahi ban sakti?,2023-04-27T05:00:01Z,PT9M34S,908722,7326.0,70.0
Lapati Sina - Chulla Danuddara Jathakaya | ‡∂Ω‡∂¥‡∂ß‡∑í ‡∑É‡∑í‡∂±‡∑è - ‡∂†‡∑î‡∂Ω‡∑ä‡∂Ω ‡∂∞‡∂±‡∑î‡∂Ø‡∑ä‡∂Ø‡∂ª ‡∂¢‡∑è‡∂≠‡∂ö‡∂∫ | 3D Animated Short Film,2023-01-18T13:41:59Z,PT16M4S,909790,9964.0,340.0
Imlie | ‡§á‡§Æ‡§≤‡•Ä | Beautiful moments at Aryan's birthday celebration!,2023-05-14T04:50:00Z,PT7M46S,895927,7527.0,60.0
Deseos (PT‚Äô3) #shorts #historia #ecuador,2023-12-09T23:45:44Z,PT49S,895056,135333.0,123.0
Neegalum ippadi thana üòÖ Full video link in comment ‚ù§Ô∏è #mabucrush,2023-03-11T09:08:05Z,PT1M,886137,67753.0,110.0
Car buying made easy | Clutch :15s,2023-02-21T14:31:41Z,PT16S,882303,14.0,0.0
25 Most Beautiful Tiny And Small Towns In Europe | Europe Travel Guide,2023-04-01T16:58:13Z,PT46M,881066,12951.0,239.0
Cleaning Goes WRONG!!! | Kids TV Shows - Full Episodes | Cartoons For Kids | Fun Anime | Moonbug,2023-04-01T12:00:25Z,PT2H17M44S,879349,568.0,0.0
Kodi Gaha Yata | Episode 30 - (2023-06-18) | ITN,2023-06-18T15:01:22Z,PT18M53S,869933,13633.0,757.0
Kodi Gaha Yata | Episode 24 - (2023-05-27) | ITN,2023-05-27T15:05:10Z,PT19M3S,868328,14267.0,543.0
Biggest LIME harvest ever! Tree with 1000s of limes to make my Bro's favourites! | Traditional Me,2023-04-27T13:10:45Z,PT28M40S,860431,14809.0,636.0
Anandha Ragam - Ep 184 | 02 April 2023 | Tamil Serial | Sun TV,2023-04-04T03:30:10Z,PT22M6S,850284,8476.0,73.0
Priyamaana Thozhi - Ep 249 | 19 March 2023 | Tamil Serial | Sun TV,2023-03-21T03:15:00Z,PT21M24S,842111,8656.0,144.0
Batman turns a Promiscuous Girl he met on Streets into Bat Woman,2023-04-25T19:30:07Z,PT9M,841200,13605.0,988.0
Imlie | ‡§á‡§Æ‡§≤‡•Ä | Imlie-Aryan plot a plan against Malini!,2023-03-26T11:20:01Z,PT9M10S,839022,9075.0,142.0
Kodi Gaha Yata | Episode 21 - (2023-05-14) | ITN,2023-05-14T15:01:43Z,PT18M35S,837338,14102.0,573.0
40 Important ROAD SIGNS That You Need To Know When Driving | Traffic Signs | English Vocabulary,2023-02-28T04:42:44Z,PT5M20S,833431,7572.0,150.0
Imlie | ‡§á‡§Æ‡§≤‡•Ä |  Imlie ne kiya Divorce paper pe sign,2023-03-09T16:08:13Z,PT9M2S,836770,7208.0,85.0
"The $15,000,000 Audi Hoonitron is the CRAZIEST car I‚Äôve ever filmed! ü§Øü§Øü§Øü§Øü§Ø",2023-12-09T18:06:44Z,PT1M,833084,92265.0,851.0
Imlie | ‡§á‡§Æ‡§≤‡•Ä | Aditya throws Malini out of his house!,2023-03-30T08:30:07Z,PT11M22S,832013,9270.0,190.0
Kodi Gaha Yata | Episode 28 - (2023-06-11) | ITN,2023-06-11T15:03:38Z,PT18M57S,828030,13041.0,538.0
Kayal - Promo | 18 Mar 2023 | Sun TV Serial | Tamil Serial,2023-03-17T16:26:17Z,PT32S,823549,11012.0,86.0
Top 10 Free Fire Settings Used By Pro Players In 2023,2023-01-05T12:30:11Z,PT7M21S,823755,15828.0,505.0
Chinthaka Roshan | Hamara Banawara (‡∑Ñ‡∂∏‡∑è‡∂ª ‡∂∂‡∂´‡∑Ä‡∂ª) | Knockouts - Ranking Chairs | The Voice Sri Lanka,2023-03-04T16:06:05Z,PT11M12S,822421,23234.0,1592.0
"""‡∑Ü‡∑í‡∂∫‡∂ª‡∑äless ""  Movie Review Sinhala | Movie Explanation Sinhala | Sinhala Movie Review",2023-05-07T02:00:48Z,PT18M52S,812367,8229.0,127.0
Imlie | ‡§á‡§Æ‡§≤‡•Ä | Aryan ki badi maa ne mara Preeta ko thappad!,2023-04-10T14:20:00Z,PT8M53S,802176,7783.0,77.0
NY Woman Delivers An AMAZING Speech,2023-06-12T19:37:59Z,PT1M,961371,82375.0,5708.0
QVZ 30 YOSHDA,2023-12-10T16:11:19Z,PT24S,923221,22651.0,157.0
FULL MATCH ‚Äî CM Punk v. Randy Orton: WrestleMania XXVII,2023-12-10T14:00:11Z,PT19M20S,847563,25470.0,1028.0
junya1gou funny video üòÇüòÇüòÇ,2023-12-10T12:30:01Z,PT1M,836927,21515.0,94.0
Imlie | ‡§á‡§Æ‡§≤‡•Ä | Imlie ne Aryan ki maa se ki uski shikayat!,2023-03-04T10:05:45Z,PT10M17S,795835,7394.0,51.0
Imlie | ‡§á‡§Æ‡§≤‡•Ä | Kya Chini mita degi Aryan-Imlie ke beech ki dooriyaan?,2023-05-29T07:55:28Z,PT9M34S,799575,6170.0,61.0
Imlie | ‡§á‡§Æ‡§≤‡•Ä | Aditya ne maangi Imlie se maafi!,2023-03-30T04:20:00Z,PT10M59S,791967,8616.0,105.0
Imlie | ‡§á‡§Æ‡§≤‡•Ä |Invitation dene Malini pohochi Aryan ke ghar !,2023-03-13T16:47:53Z,PT10M32S,786783,7224.0,24.0
Anandha Ragam - Promo | 04 Apr 2023 | Sun TV Serial | Tamil Serial,2023-04-03T16:34:44Z,PT33S,780011,10208.0,130.0
Large Monster crabü¶Ämeat is tender with coconut milk & best crab filling @villagekitchensrilanka9727,2023-02-10T11:17:21Z,PT20M10S,773008,7612.0,77.0
"""De ‡∂Ω‡∑í‡∂ª‡∑í‡∂±‡∑ä‡∂ú‡∑ä "" Movie Review Sinhala | Movie Explanation Sinhala | Sinhala Movie Review",2023-05-14T06:06:39Z,PT16M53S,767384,6008.0,169.0
"‡∂±‡∑ê‡∂±‡∑ä‡∂Ø‡∂∏‡∑ä‡∂∏‡∑è, ‡∂Ω‡∑ö‡∂Ω‡∑í ‡∂ú‡∑ê‡∂ß‡∑î‡∂∏. ‡∂î‡∂∂ ‡∂±‡∑ê‡∂ª‡∂π‡∑í‡∂∫ ‡∂∫‡∑î‡∂≠‡∑î‡∂∏ ‡∂Ü‡∂Ø‡∂ª‡∑ä‡∑Å‡∂∏‡∂≠‡∑ä ‡∂ö‡∂≠‡∑è‡∑Ä‡∂ö‡∑ä | Mother-in-law and daughter-in-law Story üòÉ",2023-05-14T08:30:11Z,PT9M49S,768061,9456.0,582.0
Imlie | ‡§á‡§Æ‡§≤‡•Ä | Aryan hua buri tarah se ghayal!,2023-04-02T04:00:00Z,PT9M28S,764441,6760.0,73.0
Priyamaana Thozhi - Best Scenes | 21 March 2023 | Sun TV | Tamil Serial,2023-03-23T11:30:05Z,PT8M6S,761349,8735.0,130.0
Imlie | ‡§á‡§Æ‡§≤‡•Ä | Aryan ne Imlie ke dupatte se saaf ki apne jijaji ki photo!,2023-03-06T11:27:03Z,PT8M51S,763309,6067.0,42.0
Imlie | ‡§á‡§Æ‡§≤‡•Ä | Aditya ki Anguthi dhundhane ki rasam pe aaye Imlie aur Aryan !,2023-03-12T12:40:00Z,PT10M,761052,6920.0,39.0
MADUWA - Surprise MF feat. @Maiyah (Official Music Video),2023-05-21T11:00:07Z,PT3M39S,756554,22254.0,1550.0
‡∂∏‡∑ö ‡∂á‡∂©‡∑ä ‡∂ß‡∑í‡∂ö ‡∂Ø‡∑ê‡∂ö‡∂Ω‡∑è ‡∂≠‡∑í‡∂∫‡∑ô‡∂±‡∑Ä‡∂Ø? Have you seen ads in this Ad How To Start Social Media Marketing Para dige,2023-04-11T12:22:05Z,PT6M21S,754939,3203.0,42.0
Calm Down in 5 Styles | Sandaru Sathsara,2023-06-01T14:00:03Z,PT8M17S,738956,51036.0,3604.0
Imlie | ‡§á‡§Æ‡§≤‡•Ä | Apne hi sangeet se bhaag gayi Imlie!,2023-04-07T09:40:00Z,PT8M24S,736168,6895.0,62.0
Imlie | ‡§á‡§Æ‡§≤‡•Ä |Aryan ja rahe hai Pagdandiya !,2023-03-15T12:49:34Z,PT8M49S,732031,6976.0,79.0
